<?xml version="1.0" encoding="utf-8"?>
<ReportSettings>
	<Settings>
		<!--Connection Settings-->
		<ConnectionString>Data Source = (DESCRIPTION = (ADDRESS_LIST = (ADDRESS = (PROTOCOL = TCP)(HOST = hostid)(PORT = 1521)))(CONNECT_DATA = (SERVER = DEDICATED)(SERVICE_NAME = servicename.uhc.com))); User Id = userid; Password = password;</ConnectionString>
		<!--Report Settings-->
		<Database>Oracle</Database>
		<!--Other database values are Sql, Odbc, OleDb-->
		<ReportTemplateFilePath>TempReport.xls</ReportTemplateFilePath>
		<ReportFilePath>C:\</ReportFilePath>
		<ReportFileName>Data_Prop_Inbound_Status_One</ReportFileName>
		<ReportName1>Detail</ReportName1>
		<ReportQuery1>
			select * from dual
		</ReportQuery1>
		<!--Mail Settings-->
		<SendMail>Y</SendMail>
		<AdminMail>mailid@uhc.com</AdminMail>
		<MailFrom>mailid@uhc.com</MailFrom>
		<MailTo>mailid@uhc.com</MailTo>
		<MailCC>mailid@uhc.com</MailCC>
		<MailBcc>mailid@uhc.com</MailBcc>
		<MailSubject>Autogenerated Mail: MailSubject</MailSubject>
		<MailBody>This is autogenerated mail. </MailBody>
		<MailHost>smtp.uhc.com</MailHost>
	</Settings>
</ReportSettings>